timestamp,feedback,sentiment
2025-04-16 10:01:00,"The spoon made my food taste amazing. I could actually enjoy low-salt meals!","Positive"
2025-04-16 10:05:00,"It's a clever idea but I didn't notice much difference in taste.","Neutral"
2025-04-16 10:10:00,"Really helped enhance the flavor of my rice. Pleasantly surprised.","Positive"
2025-04-16 10:15:00,"I felt a strange tingling on my tongue. Kind of uncomfortable.","Negative"
2025-04-16 10:20:00,"I was skeptical at first but the spoon added just the right saltiness!","Positive"
2025-04-16 12:56:52,"perfectly fine had a great experience today loved it
",Positive
2025-04-16 12:58:36,not good,Negative
2025-04-17 19:44:24,it was good experience,Positive
